Workbook

Sheet MASTER-1
A1: S. No | B1: Type | C1: Specified | D1: Make | E1: Country Of Orgin | F1: Model No | G1: Mounting | H1: Housing / Construction | I1: Refelector / Optical System | J1: Control Gear / Ballast | K1: Lamp / Lumen / Color Temp / Efficacy | L1: Emergency | M1: CRI | N1: LED life | O1: IP Rating / IK Rating | P1: UGR | Q1: Finish | R1: Location | S1: Remarks
C2: Main Building
A3: 1 | B3: A1 | C3: Ip44, A Square Ceiling Recessed Led Luminaire. Fixed Output Led Driver. Luminaire Input Power: 26W, . Luminaire Luminous Flux: 3200 Lm, Colour Rendering Ra > 80, Colour Temperature 4000 K. Dimensions: 596X596X34Mm | D3: - | E3: - | F3: - | G3: Recessed | H3: Poly Carbonate Housing In White | I3: Square Lens Optic For Glare-Free Light Distribution | J3: Electronic Ballast | K3: 36W LED / 4300lm / 4000K or 5000K / 135Lm/W | L3: 3hrs Battery backup for "E" Version | M3: - | N3: - | O3: - | P3: UGR<19 | Q3: White | R3: Office | S3: -
A4: =A3+1 -> 2 | B4: A1E | C4: Ip44, A Square Ceiling Recessed Led Luminaire. Fixed Output Led Driver. Luminaire Input Power: 26W, . Luminaire Luminous Flux: 3200 Lm, Colour Rendering Ra > 80, Colour Temperature 4000 K. Dimensions: 596X596X34Mm | D4: - | E4: - | F4: - | G4: Recessed | H4: Powder Coated Sheet Steel Housing | I4: Mircor Prismatic Diffuser | J4: Electronic Ballast | K4: 37W LED / 3900lm / 5000K | L4: 3hrs Battery backup for "E" Version | M4: CRI 80 | N4: L80B10 50000Hrs | O4: IP55 / IK05 | P4: - | Q4: - | R4: - | S4: -
A5: =A4+1 -> 3 | B5: D1 | C5: Ip54 (Ip20 From Above), A Recessed Led Downlight. Remote Fixed Output Control Gear. Luminaire Input Power: 17.1W, . Luminaire Luminous Flux: 1980 Lm, Colour Rendering Ra > 80, Colour Temperature 4000 K. Dimensions: Ø172X94Mm | D5: - | E5: - | F5: - | G5: Recessed | H5: Powder Coated Sheet Steel Housing | I5: Mircor Prismatic Diffuser | J5: Electronic Ballast | K5: 37W LED / 3900lm / 5000K | L5: 3hrs Battery backup for "E" Version | M5: CRI 80 | N5: L80B10 50000Hrs | O5: IP55 / IK05 | P5: - | Q5: - | R5: - | S5: -
A6: =A5+1 -> 4 | B6: D1E | C6: Ip54 (Ip20 From Above), A Recessed Led Downlight. Remote Fixed Output Control Gear. Luminaire Input Power: 17.1W, . Luminaire Luminous Flux: 1980 Lm, Colour Rendering Ra > 80, Colour Temperature 4000 K. Dimensions: Ø172X94Mm | D6: - | E6: - | F6: - | G6: Recessed | H6: Powder Coated Sheet Steel Housing | I6: Mircor Prismatic Diffuser | J6: Electronic Ballast | K6: 37W LED / 3900lm / 5000K | L6: 3hrs Battery backup for "E" Version | M6: CRI 80 | N6: L80B10 50000Hrs | O6: IP55 / IK05 | P6: - | Q6: - | R6: - | S6: -
A7: =A6+1 -> 5 | B7: D2E | C7: Ip65, A Surface Mounted Led Luminaire. Fixed Output Led Driver. Luminaire Input Power: 16.3W, . Luminaire Luminous Flux: 1950 Lm, Colour Rendering Ra > 80, Colour Temperature 4000 K. Dimensions: Ø307X58Mm | D7: - | E7: - | F7: - | G7: Surface / Suspended | H7: Body In Self‐ Extinguishing Polycarbonate | I7: Opal Polycarbonate Diffuser | J7: Electronic Ballast | K7: 36W LED / 5400lm / 4000K / 150Lm/W | L7: 3hrs Battery backup for "E" Version | M7: CRI 80 | N7: L80B10 50000Hrs | O7: IP65 | P7: - | Q7: - | R7: Electrical/Telecom/ Store Room | S7: -
A8: =A7+1 -> 6 | B8: D3 | C8: Ip54 (Ip20 From Above), A Recessed Led Downlight. Remote Fixed Output Control Gear. Luminaire Input Power: 8.8W, . Luminaire Luminous Flux: 1100 Lm, Colour Rendering Ra > 80, Colour Temperature 4000 K. Dimensions: Ø172X94Mm | D8: - | E8: - | F8: - | G8: Surface / Suspended | H8: Body In Self‐ Extinguishing Polycarbonate | I8: Opal Polycarbonate Diffuser | J8: Electronic Ballast | K8: 36W LED / 5400lm / 4000K / 150Lm/W | L8: 3hrs Battery backup for "E" Version | M8: CRI 80 | N8: L80B10 50000Hrs | O8: IP65 | P8: - | Q8: - | R8: Electrical/Telecom/ Store Room | S8: -
A9: =A8+1 -> 7 | B9: D3E | C9: Ip54 (Ip20 From Above), A Recessed Led Downlight. Remote Fixed Output Control Gear. Luminaire Input Power: 8.8W, . Luminaire Luminous Flux: 1100 Lm, Colour Rendering Ra > 80, Colour Temperature 4000 K. Dimensions: Ø172X94Mm | D9: - | E9: - | F9: - | G9: Surface / Suspended | H9: Body In Self‐ Extinguishing Polycarbonate | I9: Opal Polycarbonate Diffuser | J9: Electronic Ballast | K9: 36W LED / 5400lm / 4000K / 150Lm/W | L9: 3hrs Battery backup for "E" Version | M9: CRI 80 | N9: L80B10 50000Hrs | O9: IP65 | P9: - | Q9: - | R9: Electrical/Telecom/ Store Room | S9: -
A10: =A9+1 -> 8 | B10: F2 | C10: Ip66, Led Luminaire. Electronic, Fixed Output Control Gear. Luminaire Input Power: 52.7W, Luminaire Luminous Flux: 6870 Lm, Colour Rendering Ra > 80, Colour Temperature 4000 K. Dimensions: 1600X92X90Mm | D10: - | E10: - | F10: - | G10: Surface / Suspended | H10: Body In Self‐ Extinguishing Polycarbonate | I10: Opal Polycarbonate Diffuser | J10: Electronic Ballast | K10: 46W LED / 7200lm / 4000K | L10: 3hrs Battery backup for "E" Version | M10: CRI 80 | N10: L80B10 50000Hrs | O10: IP66 / Ik08 | P10: - | Q10: - | R10: Pharmacy, Loading Bay, Cold Store, Freezer Area | S10: -
A11: =A10+1 -> 9 | B11: F2E | C11: Ip66, Led Luminaire. Electronic, Fixed Output Control Gear. Luminaire Input Power: 52.7W, Luminaire Luminous Flux: 6870 Lm, Colour Rendering Ra > 80, Colour Temperature 4000 K. Dimensions: 1600X92X90Mm | D11: - | E11: - | F11: - | G11: Surface / Suspended | H11: Body In Self‐ Extinguishing Polycarbonate | I11: Opal Polycarbonate Diffuser | J11: Electronic Ballast | K11: 46W LED / 7200lm / 4000K | L11: 3hrs Battery backup for "E" Version | M11: CRI 80 | N11: L80B10 50000Hrs | O11: IP66 / Ik08 | P11: - | Q11: - | R11: Pharmacy, Loading Bay, Cold Store, Freezer Area | S11: -
A12: =A11+1 -> 10 | B12: L1 | C12: Ip66, Led Luminaire. Luminaire Input Power: 6W, Luminaire Luminous Flux: 1029 Lm, Colour Rendering Ra > 80, Colour Temperature 3000 K. Dimensions: 660X100X100Mm | D12: - | E12: - | F12: - | G12: Surfaced | H12: Poly Carbonate Body | I12: Opal Diffuser | J12: Electronic Ballast | K12: 26W LED / 2500lm / 4000K | L12: 3hrs Battery backup for "E" Version | M12: - | N12: - | O12: - | P12: - | Q12: - | R12: Stair | S12: -
A13: =A12+1 -> 11 | B13: L1E | C13: Ip66, Led Luminaire. Luminaire Input Power: 6W, Luminaire Luminous Flux: 1029 Lm, Colour Rendering Ra > 80, Colour Temperature 3000 K. Dimensions: 660X100X100Mm | D13: - | E13: - | F13: - | G13: Recessed | H13: Die-Cast Aluminium | I13: Mirror Brite Reflector | J13: Electronic Ballast | K13: 7W LED / 800lm / 4000K | L13: - | M13: - | N13: - | O13: IP54 | P13: - | Q13: - | R13: Toilet Cuble | S13: -
A14: =A13+1 -> 12 | B14: L2 | C14: Ip66, Led Luminaire. Electronic, Fixed Output Control Gear. Luminaire Input Power: 35.2W, Luminaire Luminous Flux: 4530 Lm, Colour Rendering Ra > 80, Colour Temperature 4000 K. Dimensions: 1100X92X90Mm | D14: - | E14: - | F14: - | G14: Recessed | H14: Die-Cast Aluminium | I14: Mirror Brite Reflector | J14: Electronic Ballast | K14: 7W LED / 800lm / 4000K | L14: - | M14: - | N14: - | O14: IP54 | P14: - | Q14: - | R14: Toilet Cuble | S14: -
A15: =A14+1 -> 13 | B15: L2E | C15: Ip66, Led Luminaire. Electronic, Fixed Output Control Gear. Luminaire Input Power: 35.2W, Luminaire Luminous Flux: 4530 Lm, Colour Rendering Ra > 80, Colour Temperature 4000 K. Dimensions: 1100X92X90Mm | D15: - | E15: - | F15: - | G15: Recessed | H15: Sand Blasted Die-Cast Aluminium | I15: Mirror Brite Reflector | J15: Electronic Ballast | K15: 10W LED / 1100lm / 4000K | L15: 3hrs Battery backup for "E" Version | M15: - | N15: - | O15: IP54 | P15: - | Q15: - | R15: Toilet | S15: -
... A21: =A20+1 -> 19 | B21: WP | C21: Ip66, Led Luminaire. Electronic, Fixed Output Control Gear. Luminaire Input Power: 52.7W, Luminaire Luminous Flux: 6870 Lm, Colour Rendering Ra > 80, Colour Temperature 4000 K. Dimensions: 1600X92X90Mm | D21: - | E21: - | F21: - | G21: Recessed | H21: Sand Blasted Die-Cast Aluminium | I21: Mirror Brite Reflector | J21: Electronic Ballast | K21: 25W LED / 2600lm / 4000K | L21: - | M21: - | N21: - | O21: IP20 | P21: UGR<19 | Q21: - | R21: Office Corridor | S21: -

Sheet MASTER-2
B2: PROJECT NAME | C2: PROPOSED NEW CAR SHOWROOM & SERVICE CENTER Ferrari Workshop at Finaa Building Muscat Oman
B3: CLIENT | C3: ALFARDAN PROPERTIES
B4: CONSULTANT | C4: IBRAHIM JAIDHA Architect & Engineers
B5: CONTRACTOR | C5: AL WADIKABIR CARPENTRY CO LLC
A7: S. No | B7: Type | C7: Specified | D7: Proposed | E7: Make | F7: Country Of Orgin | G7: Model No | H7: Mounting | I7: Housing / Construction | J7: Refelector / Optical System | K7: Control Gear / Ballast | L7: Lamp / Lumen / Color Temp / Efficacy | M7: Emergency | N7: CRI | O7: LED life | P7: IP Rating / IK Rating | Q7: UGR | R7: Finish | S7: Location | T7: Remarks | U7: Comments
C8: Main Building
A9: 1 | B9: F1, F1E | C9: Explosion-proof LED moisture-proof diffuser luminaire, ATEX zone 2/22 with IP66 protection rating and Impact strength: IK10. Luminaire input power: 8 W, electronic ballast with LED converter. Cover and basic diffuser made of impact-resistant polycarbonate, temperature- and UV-resistant, made as a single injection-moulded piece. LED service life lasts 100000 h before luminous flux is reduced to 85% of the initial value. Chromaticity tolerance (initial MacAdam): 3. Luminaire luminous flux: 1171 lm, Luminaire efficacy: 146 lm/W. Colour rendering Ra > 80, colour temperature 4000 K. Luminaire with symmetric distribution (medium beam). Mounting via included V2A standard spring clips to ceilings or walls. Explosion protection is guaranteed in ambient temperature: -20°C to +45°C. The luminaire is suitable for use in Zone 2 and 22 hazardous areas according to FTZU 23 ATEX 0077 (ATEX type examination) and according to EN/IEC 60079-0:2018, EN/IEC 60079-15:2017 and EN 60079-31:2014 (Ex II 3G Ex nR IIC T6 Gc/ II 3D Ex tc IIIC T80°C Dc). Silicone-free luminaire. Protection class: SC1, 850°C glow-wire tested. Dimensions: 670 x 155 x 105 mm; weight: 1.76 kg. | D9: 49w; 7690w; 159lm/w; 4000K; length 1610mm; surface mounted Ex-plosion proof linear weather proof light fixture with polyester resin body and polycarbonate diffuser with rated IP66; IK10; zone -1,2,21,22 Ex db eb ib op is IIC T4 Gb | E9: Stahl | F9: India | G9: 6002/4168-0201-152-1110-11 -8500 | H9: Surface Mounted | I9: polyester resin body | J9: Polycarbonate diffuser | K9: LED Driver | L9: 49w / 7690lm / 4000k / 159lm/w | M9: Emergency Kit | N9: CRI 80 | O9: L90 / 100000Hrs | P9: IP66 / IK10 | Q9: 21 | R9: - | T9: -
A10: =#REF!+1 -> #REF! | B10: F2, F2E | C10: Tube Luminaire with ø 90 mm, Luminaire luminous flux: 5389 lm, Luminaire efficacy: 131 lm/W. Colour rendering Ra > 80, colour temperature 4000 K. Luminaire input power: 41 W ; LED service life lasts 50000 h before luminous flux is reduced to 80% of the initial value. Chromaticity tolerance (initial MacAdam): 3. Suitable for ceiling mounting and horizontal or vertical wall mounting. Housing of impact-resistant (IK08) polymethylmethacrylate (PMMA), satin, and end caps of polyamide (PA). Age-resistant silicon seal (SI). Gear tray of double coated sheet steel, white. Flexible mounting with stainless steel fixing clips. Electrical connection via cable gland with integrated pressure equalisation element and plug connection terminal. IFS/BRC-compliant.IPX9K. SC1. Glow-wire tested: PMMA 650°C. Dimensions: Ø90 x 1260 mm weight: 3.5 kg. | D10: 39W; 5000lm; 4000K; 130lm/w; surface mounted tublar light fixture with acrylate housing material and cover materials with rated IP67; IK10; SDCM<3; 50000hrs | E10: Philips | F10: China | G10: WT228C LED50S/840 PSU L1200 TW | H10: Surface Mounted | I10: Acrylate housing material | J10: Acrylate diffuser | K10: LED Driver | L10: 39w / 5000lm / 4000k / 130lm/w | M10: ROP approved EM Kit / Tridonic, Austria | N10: CRI 80 | O10: L80 / 50000Hrs | P10: IP67 / IK10 | Q10: 21 | R10: - | T10: -
A11: =#REF!+1 -> #REF! | B11: D1, D1E | C11: A high efficient and sustainable, surface mounted LED downlight. Fixed output LED driver with DC functionality, adjustable 50-100%, NFC configurable. Body: Die-cast aluminium. Diffuser: polycarbonate, smooth reflector in satinbrite finish with wide beam and additional ultrasonic welded clear polycarbonate cover IP54. Trim: high quality, highly reflective polycarbonate. Class I electrical, IP54_IP20. Installation plate to be fitted directly to ceiling, for mounting via BESA box or wire suspension use available accessory. Housing mounts to installation plate with twist and lock bayonet mechanism. Complete with 4000K LED Dimensions: Ø125 x 126 mm Luminaire input power: 15.6 W Luminaire luminous flux: 1423 lm Luminaire efficacy: 91 lm/W Weight: 1.19 kg | D11: 19w; 2000lm; 4000k; 105lm/w; Dia 160mm; LED surface mounted light fixture with aluminium diecast body and gloss diffuser with rated IP20; IK04; 50000hrs@L70 | E11: Philips | F11: China | G11: SM293C LED20/840 PSU WH | H11: Surface | I11: Aluminium diecast Body | J11: Golss Finish diffuser | K11: LED Driver | L11: 19w / 2000lm / 4000k / 105lm/w | M11: ROP approved EM Kit / Tridonic, Austria | N11: CRI 80 | O11: L70 / 50000Hrs | P11: IP20 / IK04 | Q11: 21 | R11: -
A12: =#REF!+1 -> #REF! | B12: D2, D2E | C12: A high efficient and sustainable, surface mounted LED downlight. Fixed output LED driver with DC functionality,adjustable 50-100%, NFC configurable. Body: Die-cast aluminium. Diffuser: polycarbonate, smooth reflector in satinbrite finish with wide beam and additional ultrasonicwelded clear polycarbonate cover IP54. Trim: high quality, highly reflective polycarbonate. Class I electrical, IP54_IP20. Installation plate to be fitted directly to ceiling, for mounting via BESA box or wire suspension use available accessory. Electrical connection via 3/5 pole, push in, terminal block, Housing mounts to installation plate with twist and lock bayonet mechanism. Complete with 4000K LED Dimensions: Ø180 x 182 mm Luminaire input power: 16.5 W Luminaire luminous flux: 1922 lm Luminaire efficacy: 116 lm/W Weight: 2.67 kg | D12: 19w; 2000lm; 4000k; 105lm/w; Dia 160mm; LED surface mounted light fixture with aluminium body and gloss diffuser with rated IP20; IK04; 50000hrs@L70 | E12: Philips | F12: China | G12: SM293C LED20/840 PSU WH | H12: Surface | I12: Aluminium diecast Body | J12: Golss Finish diffuser | K12: LED Driver | L12: 19w / 2000lm / 4000k / 105lm/w | M12: ROP approved EM Kit / Tridonic, Austria | N12: CRI 80 | O12: L70 / 50000Hrs | P12: IP20 / IK04 | Q12: 21 | R12: -
A13: =A12+1 -> #REF! | B13: WL1 | C13: 20w; 2200lm; 4000k; dia 390mm; SDCM<3; surface mounted light fixture with polycarbonate body and diffuser with rated IP65;IK10 50000hrs @ L80 | D13: 20w; 2200lm; 4000k; dia 390mm; SDCM<3; surface mounted light fixture with polycarbonate body and diffuser with rated IP65;IK10 50000hrs @ L80 | E13: Philips | F13: China | G13: WL140V LED20S/840 PSU WH | H13: Surface | I13: Polycarbonate | J13: polycarbonate diffuser | K13: LED Driver | L13: 20w / 2200lm / 4000k / 110lm/w | M13: ROP approved EM Kit / Tridonic, Austria | N13: CRI 80 | O13: L80 / 50000Hrs | P13: IP65 / IK08 | Q13: 21 | R13: -
A14: =A13+1 -> #REF! | B14: L01 | C14: 14w LED Strip Light with Aluminium Profile body and polycarbonate diffuser with rated IP20 | D14: 14w LED Strip Light with Aluminium Profile body and polycarbonate diffuser with rated IP20 | E14: Tridonic | F14: Austria | G14: LED Strip Light + Aluminium Profile | H14: Surface / Cove Mounted | I14: Aluminium body | J14: polycarbonate diffuser | K14: LED Driver | L14: 14w / 1400lm / 4000k / 100lm/w | M14: ROP approved EM Kit / Tridonic, Austria | N14: CRI 80 | O14: L80 / 50000Hrs | P14: IP44 / IK04 | Q14: 21 | R14: - | T14: -
A15: =A14+1 -> #REF! | B15: GL14, GL14E | C15: Linear, energy-efficient continuous-row luminaire in silver with 64 highly efficient mid-power LEDs per segment. IP64 protection rating. Luminaire input power: 61.6 W, DALI controllable luminaire with LED converter. LED service life lasts 100000 h before luminous flux is reduced to 95% of the initial value. Chromaticity tolerance (initial MacAdam): 2. Luminaire efficacy: 169 lm/W. Luminaire luminous flux: 5200 lm/mtr. Luminaire with symmetric very wide distribution (very wide beam). Colour rendering Ra > 80, colour temperature 4000 K. Split lens concept for reducing perceived glare. Overlapping lenses made of PMMA with high breakage resistance and UV resistance. continuous row luminaire made of roll-formed, hot-dip galvanised sheet steel, with zinc-magnesium coating and polyester lacquer finish in silver. 100% flexible positioning of continuous row luminaires along the entire length of the continuous row. Tool-free mechanical and electrical installation on the mounting rail via two side levers. No ultraviolet or infrared radiation. Protection class: SC1. Permissible for use in environments where the deposition of conductive dust on the luminaire can be expected (EN 60598-2-24). | D15: 2 x 41W; 2 x 4580lm; 4000K; 112lm/w; surface / suspended mounted light fixture with aluminium body and polycarbonate diffuser with rated IP20;IK03; LED Dali Driver | E15: Philips | F15: China | G15: 2 x SP570P LED50/940 L150W6 SD PSD | H15: Surface / Suspended Mounted | I15: Aluminium body | J15: polycarbonate diffuser | K15: LED Driver | L15: 2 x 41w / 2 x 4580lm / 4000k / 112lm/w | M15: ROP approved EM Kit / Tridonic, Austria | N15: CRI 90 | O15: L70 / 50000Hrs | P15: IP20 / IK03 | Q15: 19 | R15: - | T15: -

Sheet F1, F1E
A1: PROJECT DETAILS
A3: PROJECT NAME | B3: PROPOSED NEW CAR SHOWROOM & SERVICE CENTER Ferrari Workshop at Finaa Building Muscat Oman
A4: CLIENT | B4: ALFARDAN PROPERTIES
A5: CONSULTANT | B5: IBRAHIM JAIDHA Architect & Engineers
A6: CONTRACTOR | B6: AL WADIKABIR CARPENTARY CO LLC
A8: TECHNICAL DATA SHEET
A10: Fitting Type | D10: F1, F1E
A12: PARAMETER | C12: SPECIFIED | D12: PROPOSED | E12: REMARKS
A13: Description | C13: =VLOOKUP($D$10,'MASTER-2'!$B$9:$T$215,2,0) -> Explosion-proof LED moisture-proof diffuser luminaire, ATEX zone 2/22 with IP66 protection rating and Impact strength: IK10. Luminaire input power: 8 W, electronic ballast with LED converter. Cover and basic diffuser made of impact-resistant polycarbonate, temperature- and UV-resistant, made as a single injection-moulded piece. LED service life lasts 100000 h before luminous flux is reduced to 85% of the initial value. Chromaticity tolerance (initial MacAdam): 3. Luminaire luminous flux: 1171 lm, Luminaire efficacy: 146 lm/W. Colour rendering Ra > 80, colour temperature 4000 K. Luminaire with symmetric distribution (medium beam). Mounting via included V2A standard spring clips to ceilings or walls. Explosion protection is guaranteed in ambient temperature: -20°C to +45°C. The luminaire is suitable for use in Zone 2 and 22 hazardous areas according to FTZU 23 ATEX 0077 (ATEX type examination) and according to EN/IEC 60079-0:2018, EN/IEC 60079-15:2017 and EN 60079-31:2014 (Ex II 3G Ex nR IIC T6 Gc/ II 3D Ex tc IIIC T80°C Dc). Silicone-free luminaire. Protection class: SC1, 850°C glow-wire tested. Dimensions: 670 x 155 x 105 mm; weight: 1.76 kg. | D13: =VLOOKUP($D$10,'MASTER-2'!$B$9:$T$215,3,0) -> 49w; 7690w; 159lm/w; 4000K; length 1610mm; surface mounted Ex-plosion proof linear weather proof light fixture with polyester resin body and polycarbonate diffuser with rated IP66; IK10; zone -1,2,21,22 Ex db eb ib op is IIC T4 Gb
A14: Make | C14: _ | D14: =VLOOKUP($D$10,'MASTER-2'!$B$9:$T$215,4,0) -> Stahl
A15: Country Of Orgin | C15: _ | D15: =VLOOKUP($D$10,'MASTER-2'!$B$9:$T$215,5,0) -> India
A16: Model No | C16: _ | D16: =VLOOKUP($D$10,'MASTER-2'!$B$9:$T$215,6,0) -> 6002/4168-0201-152-1110-11 -8500
A17: Mounting | C17: Surface Mounted | D17: =VLOOKUP($D$10,'MASTER-2'!$B$9:$T$215,7,0) -> Surface Mounted
A18: Housing / Construction | C18: UV- and impact-resistant polycarbonate | D18: =VLOOKUP($D$10,'MASTER-2'!$B$9:$T$215,8,0) -> polyester resin body
A19: Refelector / Optical System | C19: Polycarbonate Diffuser | D19: =VLOOKUP($D$10,'MASTER-2'!$B$9:$T$215,9,0) -> Polycarbonate diffuser
A20: Control Gear / Ballast | C20: Led Driver | D20: =VLOOKUP($D$10,'MASTER-2'!$B$9:$T$215,10,0) -> LED Driver
A21: Lamp / Lumen / Color Temp / Efficacy | C21: 8w / 1171lm / 4000K / 146lm/w | D21: =VLOOKUP($D$10,'MASTER-2'!$B$9:$T$215,11,0) -> 49w / 7690lm / 4000k / 159lm/w
A22: Emergency | C22: Emergency kit | D22: =VLOOKUP($D$10,'MASTER-2'!$B$9:$T$215,12,0) -> Emergency Kit
A23: CRI | C23: CRI 80 | D23: =VLOOKUP($D$10,'MASTER-2'!$B$9:$T$215,13,0) -> CRI 80
A24: LED life | C24: L85 / 100,000hrs | D24: =VLOOKUP($D$10,'MASTER-2'!$B$9:$T$215,14,0) -> L90 / 100000Hrs
A25: IP Rating / IK Rating | C25: IP66 / IK10 | D25: =VLOOKUP($D$10,'MASTER-2'!$B$9:$T$215,15,0) -> IP66 / IK10
A26: UGR | C26: =VLOOKUP($D$10,'MASTER-2'!$B$9:$T$215,17,0) -> - | D26: =VLOOKUP($D$10,'MASTER-2'!$B$9:$T$215,16,0) -> 21
A27: Finish | C27: Light grey housing finish | D27: =VLOOKUP($D$10,'MASTER-2'!$B$9:$T$215,17,0) -> -
A28: Remarks

Sheet F2, F2E
A1: PROJECT DETAILS
A3: PROJECT NAME | B3: PROPOSED NEW CAR SHOWROOM & SERVICE CENTER Ferrari Workshop at Finaa Building Muscat Oman
A4: CLIENT | B4: ALFARDAN PROPERTIES
A5: CONSULTANT | B5: IBRAHIM JAIDHA Architect & Engineers
A6: CONTRACTOR | B6: AL WADIKABIR CARPENTARY CO LLC
A8: TECHNICAL DATA SHEET
A10: Fitting Type | D10: F2, F2E
A12: PARAMETER | C12: SPECIFIED | D12: PROPOSED | E12: REMARKS
A13: Description | C13: =VLOOKUP($D$10,'MASTER-2'!$B$9:$T$215,2,0) -> Tube Luminaire with ø 90 mm, Luminaire luminous flux: 5389 lm, Luminaire efficacy: 131 lm/W. Colour rendering Ra > 80, colour temperature 4000 K. Luminaire input power: 41 W ; LED service life lasts 50000 h before luminous flux is reduced to 80% of the initial value. Chromaticity tolerance (initial MacAdam): 3. Suitable for ceiling mounting and horizontal or vertical wall mounting. Housing of impact-resistant (IK08) polymethylmethacrylate (PMMA), satin, and end caps of polyamide (PA). Age-resistant silicon seal (SI). Gear tray of double coated sheet steel, white. Flexible mounting with stainless steel fixing clips. Electrical connection via cable gland with integrated pressure equalisation element and plug connection terminal. IFS/BRC-compliant.IPX9K. SC1. Glow-wire tested: PMMA 650°C. Dimensions: Ø90 x 1260 mm weight: 3.5 kg. | D13: =VLOOKUP($D$10,'MASTER-2'!$B$9:$T$215,3,0) -> 39W; 5000lm; 4000K; 130lm/w; surface mounted tublar light fixture with acrylate housing material and cover materials with rated IP67; IK10; SDCM<3; 50000hrs
A14: Make | C14: _ | D14: =VLOOKUP($D$10,'MASTER-2'!$B$9:$T$215,4,0) -> Philips
A15: Country Of Orgin | C15: _ | D15: =VLOOKUP($D$10,'MASTER-2'!$B$9:$T$215,5,0) -> China
A16: Model No | C16: _ | D16: =VLOOKUP($D$10,'MASTER-2'!$B$9:$T$215,6,0) -> WT228C LED50S/840 PSU L1200 TW
A17: Mounting | C17: Surface Mounted | D17: =VLOOKUP($D$10,'MASTER-2'!$B$9:$T$215,7,0) -> Surface Mounted
A18: Housing / Construction | C18: Satin impact-resistant PMMA with polyamide (PA) end caps | D18: =VLOOKUP($D$10,'MASTER-2'!$B$9:$T$215,8,0) -> Acrylate housing material
A19: Refelector / Optical System | C19: polymethyl methacrylate (PMMA) | D19: =VLOOKUP($D$10,'MASTER-2'!$B$9:$T$215,9,0) -> Acrylate diffuser
A20: Control Gear / Ballast | C20: LED Driver | D20: =VLOOKUP($D$10,'MASTER-2'!$B$9:$T$215,10,0) -> LED Driver
A21: Lamp / Lumen / Color Temp / Efficacy | C21: 41w / 5389lm / 4000K / 131lm/w | D21: =VLOOKUP($D$10,'MASTER-2'!$B$9:$T$215,11,0) -> 39w / 5000lm / 4000k / 130lm/w
A22: Emergency | C22: =VLOOKUP($D$10,'MASTER-2'!$B$9:$T$215,17,0) -> - | D22: =VLOOKUP($D$10,'MASTER-2'!$B$9:$T$215,12,0) -> ROP approved EM Kit / Tridonic, Austria
A23: CRI | C23: =VLOOKUP($D$10,'MASTER-2'!$B$9:$T$215,13,0) -> CRI 80 | D23: =VLOOKUP($D$10,'MASTER-2'!$B$9:$T$215,13,0) -> CRI 80
A24: LED life | C24: 50,000 h (L80) | D24: =VLOOKUP($D$10,'MASTER-2'!$B$9:$T$215,14,0) -> L80 / 50000Hrs
A25: IP Rating / IK Rating | C25: IPX9K (high-pressure/high-temperature water jet resistant) / IK08 | D25: =VLOOKUP($D$10,'MASTER-2'!$B$9:$T$215,15,0) -> IP67 / IK10
A26: UGR | C26: 19 | D26: =VLOOKUP($D$10,'MASTER-2'!$B$9:$T$215,16,0) -> 21
A27: Finish | C27: Satin Finish | D27: =VLOOKUP($D$10,'MASTER-2'!$B$9:$T$215,17,0) -> -
A28: Remarks

Sheet D1, D1E
A1: PROJECT DETAILS
A3: PROJECT NAME | B3: PROPOSED NEW CAR SHOWROOM & SERVICE CENTER Ferrari Workshop at Finaa Building Muscat Oman
A4: CLIENT | B4: ALFARDAN PROPERTIES
A5: CONSULTANT | B5: IBRAHIM JAIDHA Architect & Engineers
A6: CONTRACTOR | B6: AL WADIKABIR CARPENTARY CO LLC
A8: TECHNICAL DATA SHEET
A10: Fitting Type | D10: D1, D1E
A12: PARAMETER | C12: SPECIFIED | D12: PROPOSED | E12: REMARKS
A13: Description | C13: =VLOOKUP($D$10,'MASTER-2'!$B$9:$T$215,2,0) -> A high efficient and sustainable, surface mounted LED downlight. Fixed output LED driver with DC functionality, adjustable 50-100%, NFC configurable. Body: Die-cast aluminium. Diffuser: polycarbonate, smooth reflector in satinbrite finish with wide beam and additional ultrasonic welded clear polycarbonate cover IP54. Trim: high quality, highly reflective polycarbonate. Class I electrical, IP54_IP20. Installation plate to be fitted directly to ceiling, for mounting via BESA box or wire suspension use available accessory. Housing mounts to installation plate with twist and lock bayonet mechanism. Complete with 4000K LEDDimensions: Ø125 x 126 mm Luminaire input power: 15.6 W Luminaire luminous flux: 1423 lmLuminaire efficacy: 91 lm/W Weight: 1.19 kg | D13: =VLOOKUP($D$10,'MASTER-2'!$B$9:$T$215,3,0) -> 19w; 2000lm; 4000k; 105lm/w; Dia 160mm; LED surface mounted light fixture with aluminium diecast body and gloss diffuser with rated IP20; IK04; 50000hrs@L70
A14: Make | C14: _ | D14: =VLOOKUP($D$10,'MASTER-2'!$B$9:$T$215,4,0) -> Philips
A15: Country Of Orgin | C15: _ | D15: =VLOOKUP($D$10,'MASTER-2'!$B$9:$T$215,5,0) -> China
A16: Model No | C16: _ | D16: =VLOOKUP($D$10,'MASTER-2'!$B$9:$T$215,6,0) -> SM293C LED20/840PSU WH
A17: Mounting | C17: Surface mounted LED Downlight | D17: =VLOOKUP($D$10,'MASTER-2'!$B$9:$T$215,7,0) -> Surface
A18: Housing / Construction | C18: Die cast aluminum body | D18: =VLOOKUP($D$10,'MASTER-2'!$B$9:$T$215,8,0) -> Aluminium diecast Body
A19: Refelector / Optical System | C19: Polycarbonate Diffuser | D19: =VLOOKUP($D$10,'MASTER-2'!$B$9:$T$215,9,0) -> Golss Finish diffuser
A20: Control Gear / Ballast | C20: LED Driver | D20: =VLOOKUP($D$10,'MASTER-2'!$B$9:$T$215,10,0) -> LED Driver
A21: Lamp / Lumen / Color Temp / Efficacy | C21: 15.6w / 1423lm / 4000K / 91lm/w | D21: =VLOOKUP($D$10,'MASTER-2'!$B$9:$T$215,11,0) -> 19w / 2000lm / 4000k / 105lm/w
A22: Emergency | C22: _ | D22: =VLOOKUP($D$10,'MASTER-2'!$B$9:$T$215,12,0) -> ROP approved EM Kit / Tridonic, Austria
A23: CRI | C23: _ | D23: =VLOOKUP($D$10,'MASTER-2'!$B$9:$T$215,13,0) -> CRI 80
A24: LED life | C24: _ | D24: =VLOOKUP($D$10,'MASTER-2'!$B$9:$T$215,14,0) -> L70 / 50000Hrs
A25: IP Rating / IK Rating | C25: IP54 /IP20 | D25: =VLOOKUP($D$10,'MASTER-2'!$B$9:$T$215,15,0) -> IP20 / IK04
A26: UGR | C26: _ | D26: =VLOOKUP($D$10,'MASTER-2'!$B$9:$T$215,16,0) -> 21
A27: Finish | C27: Powder coated Finish | D27: =VLOOKUP($D$10,'MASTER-2'!$B$9:$T$215,17,0) -> -
A28: Remarks

Sheet D2, D2E
A1: PROJECT DETAILS
A3: PROJECT NAME | B3: PROPOSED NEW CAR SHOWROOM & SERVICE CENTER Ferrari Workshop at Finaa Building Muscat Oman
A4: CLIENT | B4: ALFARDAN PROPERTIES
A5: CONSULTANT | B5: IBRAHIM JAIDHA Architect & Engineers
A6: CONTRACTOR | B6: AL WADIKABIR CARPENTARY CO LLC
A8: TECHNICAL DATA SHEET
A10: Fitting Type | D10: D2, D2E
A12: PARAMETER | C12: SPECIFIED | D12: PROPOSED | E12: REMARKS
A13: Description | C13: =VLOOKUP($D$10,'MASTER-2'!$B$9:$T$215,2,0) -> A high efficient and sustainable, surface mounted LED downlight. Fixed output LED driver with DC functionality,adjustable 50-100%, NFC configurable. Body: Die-cast aluminium. Diffuser: polycarbonate, smooth reflector in satinbrite finish with wide beam and additional ultrasonicwelded clear polycarbonate cover IP54. Trim: high quality, highly reflective polycarbonate. Class I electrical,IP54_IP20. Installation plate to be fitted directly to ceiling, for mounting via BESA box or wire suspension use available accessory. Electrical connection via 3/5 pole, push in, terminal block, Housing mounts to installation plate with twist and lock bayonet mechanism. Complete with 4000K LED Dimensions: Ø180 x 182 mm Luminaire input power: 16.5 W Luminaire luminous flux: 1922 lm Luminaire efficacy: 116 lm/W Weight: 2.67 kg | D13: =VLOOKUP($D$10,'MASTER-2'!$B$9:$T$215,3,0) -> 19w; 2000lm; 4000k; 105lm/w; Dia 160mm; LED surface mounted light fixture with aluminium body and gloss diffuser with rated IP20; IK04; 50000hrs@L70
A14: Make | C14: _ | D14: =VLOOKUP($D$10,'MASTER-2'!$B$9:$T$215,4,0) -> Philips
A15: Country Of Orgin | C15: _ | D15: =VLOOKUP($D$10,'MASTER-2'!$B$9:$T$215,5,0) -> China
A16: Model No | C16: _ | D16: =VLOOKUP($D$10,'MASTER-2'!$B$9:$T$215,6,0) -> SM293C LED20/840PSU WH
A17: Mounting | C17: Surface | D17: =VLOOKUP($D$10,'MASTER-2'!$B$9:$T$215,7,0) -> Surface
A18: Housing / Construction | C18: Die cast Aluminum body | D18: =VLOOKUP($D$10,'MASTER-2'!$B$9:$T$215,8,0) -> Aluminium diecast Body
A19: Refelector / Optical System | C19: Polycarbonate Diffuser | D19: =VLOOKUP($D$10,'MASTER-2'!$B$9:$T$215,9,0) -> Golss Finish diffuser
A20: Control Gear / Ballast | C20: LED Driver | D20: =VLOOKUP($D$10,'MASTER-2'!$B$9:$T$215,10,0) -> LED Driver
A21: Lamp / Lumen / Color Temp / Efficacy | C21: 16.5w /1922lm / 4000K / 116lm/w | D21: =VLOOKUP($D$10,'MASTER-2'!$B$9:$T$215,11,0) -> 19w / 2000lm / 4000k / 105lm/w
A22: Emergency | C22: _ | D22: =VLOOKUP($D$10,'MASTER-2'!$B$9:$T$215,12,0) -> ROP approved EM Kit / Tridonic, Austria
A23: CRI | C23: _ | D23: =VLOOKUP($D$10,'MASTER-2'!$B$9:$T$215,13,0) -> CRI 80
A24: LED life | C24: _ | D24: =VLOOKUP($D$10,'MASTER-2'!$B$9:$T$215,14,0) -> L70 / 50000Hrs
A25: IP Rating / IK Rating | C25: IP54 /IP20 | D25: =VLOOKUP($D$10,'MASTER-2'!$B$9:$T$215,15,0) -> IP20 / IK04
A26: UGR | C26: _ | D26: =VLOOKUP($D$10,'MASTER-2'!$B$9:$T$215,16,0) -> 21
A27: Finish | C27: Powder coated Finish | D27: =VLOOKUP($D$10,'MASTER-2'!$B$9:$T$215,17,0) -> -
A28: Remarks

Sheet WL1
A1: PROJECT DETAILS
A3: PROJECT NAME | B3: PROPOSED NEW CAR SHOWROOM & SERVICE CENTER Ferrari Workshop at Finaa Building Muscat Oman
A4: CLIENT | B4: ALFARDAN PROPERTIES
A5: CONSULTANT | B5: IBRAHIM JAIDHA Architect & Engineers
A6: CONTRACTOR | B6: AL WADIKABIR CARPENTARY CO LLC
A8: TECHNICAL DATA SHEET
A10: Fitting Type | D10: WL1
A12: PARAMETER | C12: SPECIFIED | D12: PROPOSED | E12: REMARKS
A13: Description | C13: =VLOOKUP($D$10,'MASTER-2'!$B$9:$T$215,2,0) -> 20w; 2200lm; 4000k; dia 390mm; SDCM<3; surface mounted light fixture with polycarbonate body and diffuser with rated IP65;IK10 50000hrs @ L80 | D13: =VLOOKUP($D$10,'MASTER-2'!$B$9:$T$215,3,0) -> 20w; 2200lm; 4000k; dia 390mm; SDCM<3; surface mounted light fixture with polycarbonate body and diffuser with rated IP65;IK10 50000hrs @ L80
A14: Make | C14: _ | D14: =VLOOKUP($D$10,'MASTER-2'!$B$9:$T$215,4,0) -> Philips
A15: Country Of Orgin | C15: _ | D15: =VLOOKUP($D$10,'MASTER-2'!$B$9:$T$215,5,0) -> China
A16: Model No | C16: _ | D16: =VLOOKUP($D$10,'MASTER-2'!$B$9:$T$215,6,0) -> WL140V LED20S/840 PSU WH
A17: Mounting | C17: Surface Mounted | D17: =VLOOKUP($D$10,'MASTER-2'!$B$9:$T$215,7,0) -> Surface
A18: Housing / Construction | C18: Polycarbonate body | D18: =VLOOKUP($D$10,'MASTER-2'!$B$9:$T$215,8,0) -> Polycarbonate
A19: Refelector / Optical System | C19: Polycarbonate Diffuser | D19: =VLOOKUP($D$10,'MASTER-2'!$B$9:$T$215,9,0) -> polycarbonate diffuser
A20: Control Gear / Ballast | C20: LED Driver | D20: =VLOOKUP($D$10,'MASTER-2'!$B$9:$T$215,10,0) -> LED Driver
A21: Lamp / Lumen / Color Temp / Efficacy | C21: 20w / 2200lm / 4000K | D21: =VLOOKUP($D$10,'MASTER-2'!$B$9:$T$215,11,0) -> 20w / 2200lm / 4000k / 110lm/w
A22: Emergency | C22: _ | D22: =VLOOKUP($D$10,'MASTER-2'!$B$9:$T$215,12,0) -> ROP approved EM Kit / Tridonic, Austria
A23: CRI | C23: _ | D23: =VLOOKUP($D$10,'MASTER-2'!$B$9:$T$215,13,0) -> CRI 80
A24: LED life | C24: 50000hrs @ L80 | D24: =VLOOKUP($D$10,'MASTER-2'!$B$9:$T$215,14,0) -> L80 / 50000Hrs
A25: IP Rating / IK Rating | C25: IP65 | D25: =VLOOKUP($D$10,'MASTER-2'!$B$9:$T$215,15,0) -> IP65 / IK08
A26: UGR | C26: _ | D26: =VLOOKUP($D$10,'MASTER-2'!$B$9:$T$215,16,0) -> 21
A27: Finish | C27: _ | D27: =VLOOKUP($D$10,'MASTER-2'!$B$9:$T$215,17,0) -> -
A28: Remarks

Sheet L01
A1: PROJECT DETAILS
A3: PROJECT NAME | B3: PROPOSED NEW CAR SHOWROOM & SERVICE CENTER Ferrari Workshop at Finaa Building Muscat Oman
A4: CLIENT | B4: ALFARDAN PROPERTIES
A5: CONSULTANT | B5: IBRAHIM JAIDHA Architect & Engineers
A6: CONTRACTOR | B6: AL WADIKABIR CARPENTARY CO LLC
A8: TECHNICAL DATA SHEET
A10: Fitting Type | D10: L01
A12: PARAMETER | C12: SPECIFIED | D12: PROPOSED | E12: REMARKS
A13: Description | C13: =VLOOKUP($D$10,'MASTER-2'!$B$9:$T$215,2,0) -> 14w LED Strip Light with Aluminium Profile body and polycarbonate diffuser with rated IP20 | D13: =VLOOKUP($D$10,'MASTER-2'!$B$9:$T$215,3,0) -> 14w LED Strip Light with Aluminium Profile body and polycarbonate diffuser with rated IP20
A14: Make | C14: _ | D14: =VLOOKUP($D$10,'MASTER-2'!$B$9:$T$215,4,0) -> Tridonic
A15: Country Of Orgin | C15: _ | D15: =VLOOKUP($D$10,'MASTER-2'!$B$9:$T$215,5,0) -> Austria
A16: Model No | C16: _ | D16: =VLOOKUP($D$10,'MASTER-2'!$B$9:$T$215,6,0) -> LED Strip Light + Aluminium Profile
A17: Mounting | C17: =VLOOKUP($D$10,'MASTER-2'!$B$9:$T$215,7,0) -> Surface / Cove Mounted | D17: =VLOOKUP($D$10,'MASTER-2'!$B$9:$T$215,7,0) -> Surface / Cove Mounted
A18: Housing / Construction | C18: =VLOOKUP($D$10,'MASTER-2'!$B$9:$T$215,8,0) -> Aluminium body | D18: =VLOOKUP($D$10,'MASTER-2'!$B$9:$T$215,8,0) -> Aluminium body
A19: Refelector / Optical System | C19: =VLOOKUP($D$10,'MASTER-2'!$B$9:$T$215,9,0) -> polycarbonate diffuser | D19: =VLOOKUP($D$10,'MASTER-2'!$B$9:$T$215,9,0) -> polycarbonate diffuser
A20: Control Gear / Ballast | C20: =VLOOKUP($D$10,'MASTER-2'!$B$9:$T$215,10,0) -> LED Driver | D20: =VLOOKUP($D$10,'MASTER-2'!$B$9:$T$215,10,0) -> LED Driver
A21: Lamp / Lumen / Color Temp / Efficacy | C21: =VLOOKUP($D$10,'MASTER-2'!$B$9:$T$215,11,0) -> 14w / 1400lm / 4000k / 100lm/w | D21: =VLOOKUP($D$10,'MASTER-2'!$B$9:$T$215,11,0) -> 14w / 1400lm / 4000k / 100lm/w
A22: Emergency | C22: =VLOOKUP($D$10,'MASTER-2'!$B$9:$T$215,12,0) -> ROP approved EM Kit / Tridonic, Austria | D22: =VLOOKUP($D$10,'MASTER-2'!$B$9:$T$215,12,0) -> ROP approved EM Kit / Tridonic, Austria
A23: CRI | C23: =VLOOKUP($D$10,'MASTER-2'!$B$9:$T$215,13,0) -> CRI 80 | D23: =VLOOKUP($D$10,'MASTER-2'!$B$9:$T$215,13,0) -> CRI 80
A24: LED life | C24: =VLOOKUP($D$10,'MASTER-2'!$B$9:$T$215,14,0) -> L80 / 50000Hrs | D24: =VLOOKUP($D$10,'MASTER-2'!$B$9:$T$215,14,0) -> L80 / 50000Hrs
A25: IP Rating / IK Rating | C25: =VLOOKUP($D$10,'MASTER-2'!$B$9:$T$215,15,0) -> IP44 / IK04 | D25: =VLOOKUP($D$10,'MASTER-2'!$B$9:$T$215,15,0) -> IP44 / IK04
A26: UGR | C26: =VLOOKUP($D$10,'MASTER-2'!$B$9:$T$215,16,0) -> 21 | D26: =VLOOKUP($D$10,'MASTER-2'!$B$9:$T$215,16,0) -> 21
A27: Finish | C27: =VLOOKUP($D$10,'MASTER-2'!$B$9:$T$215,17,0) -> - | D27: =VLOOKUP($D$10,'MASTER-2'!$B$9:$T$215,17,0) -> -
A28: Remarks

Sheet GL14, GL14E
A1: PROJECT DETAILS
A3: PROJECT NAME | B3: PROPOSED NEW CAR SHOWROOM & SERVICE CENTER Ferrari Workshop at Finaa Building Muscat Oman
A4: CLIENT | B4: ALFARDAN PROPERTIES
A5: CONSULTANT | B5: IBRAHIM JAIDHA Architect & Engineers
A6: CONTRACTOR | B6: AL WADIKABIR CARPENTARY CO LLC
A8: TECHNICAL DATA SHEET
A10: Fitting Type | D10: GL14, GL14E
A12: PARAMETER | C12: SPECIFIED | D12: PROPOSED | E12: REMARKS
A13: Description | C13: =VLOOKUP($D$10,'MASTER-2'!$B$9:$T$215,2,0) -> Linear, energy-efficient continuous-row luminaire in silver with 64 highly efficient mid-power LEDs per segment. IP64 protection rating. Luminaire input power: 61.6 W, DALI controllable luminaire with LED converter. LED service life lasts 100000 h before luminous flux is reduced to 95% of the initial value. Chromaticity tolerance (initial MacAdam): 2. Luminaire efficacy: 169 lm/W. Luminaire luminous flux: 5200 lm/mtr. Luminaire with symmetric very wide distribution (very wide beam). Colour rendering Ra > 80, colour temperature 4000 K. Split lens concept for reducing perceived glare. Overlapping lenses made of PMMA with high breakage resistance and UV resistance. continuous row luminaire made of roll-formed, hot-dip galvanised sheet steel, with zinc-magnesium coating and polyester lacquer finish in silver. 100% flexible positioning of continuous row luminaires along the entire length of the continuous row. Tool-free mechanical and electrical installation on the mounting rail via two side levers. No ultraviolet or infrared radiation. Protection class: SC1. Permissible for use in environments where the deposition of conductive dust on the luminaire can be expected (EN 60598-2-24). | D13: =VLOOKUP($D$10,'MASTER-2'!$B$9:$T$215,3,0) -> 2 x 41W; 2 x 4580lm; 4000K; 112lm/w; surface / suspended mounted light fixture with aluminium body and polycarbonate diffuser with rated IP20;IK03; LED Dali Driver
A14: Make | C14: _ | D14: =VLOOKUP($D$10,'MASTER-2'!$B$9:$T$215,4,0) -> Philips
A15: Country Of Orgin | C15: _ | D15: =VLOOKUP($D$10,'MASTER-2'!$B$9:$T$215,5,0) -> China
A16: Model No | C16: _ | D16: =VLOOKUP($D$10,'MASTER-2'!$B$9:$T$215,6,0) -> 2 x SP570P LED50/940 L150W6 SD PSD
A17: Mounting | C17: =VLOOKUP($D$10,'MASTER-2'!$B$9:$T$215,7,0) -> Surface / Suspended Mounted | D17: =VLOOKUP($D$10,'MASTER-2'!$B$9:$T$215,7,0) -> Surface / Suspended Mounted
A18: Housing / Construction | C18: hot-dip galvanised steel | D18: =VLOOKUP($D$10,'MASTER-2'!$B$9:$T$215,8,0) -> Aluminium body
A19: Refelector / Optical System | C19: Overlapping PMMA | D19: =VLOOKUP($D$10,'MASTER-2'!$B$9:$T$215,9,0) -> polycarbonate diffuser
A20: Control Gear / Ballast | C20: DALI controllable | D20: =VLOOKUP($D$10,'MASTER-2'!$B$9:$T$215,10,0) -> LED Driver
A21: Lamp / Lumen / Color Temp / Efficacy | C21: 61w / 5200lm / 4000K / 169lm/w | D21: =VLOOKUP($D$10,'MASTER-2'!$B$9:$T$215,11,0) -> 2 x 41w / 2 x 4580lm / 4000k / 112lm/w
A22: Emergency | C22: _ | D22: =VLOOKUP($D$10,'MASTER-2'!$B$9:$T$215,12,0) -> ROP approved EM Kit / Tridonic, Austria
A23: CRI | C23: CRI 80 | D23: =VLOOKUP($D$10,'MASTER-2'!$B$9:$T$215,13,0) -> CRI 90
A24: LED life | C24: 100,000 h (L95) | D24: =VLOOKUP($D$10,'MASTER-2'!$B$9:$T$215,14,0) -> L70 / 50000Hrs
A25: IP Rating / IK Rating | C25: IP64 | D25: =VLOOKUP($D$10,'MASTER-2'!$B$9:$T$215,15,0) -> IP20 / IK03
A26: UGR | C26: _ | D26: =VLOOKUP($D$10,'MASTER-2'!$B$9:$T$215,16,0) -> 19
A27: Finish | C27: Silver Finish | D27: =VLOOKUP($D$10,'MASTER-2'!$B$9:$T$215,17,0) -> -
A28: Remarks
